id,published,published_date,title,url,source,summary,relevance_hits,article_keywords,article_excerpt
https://www.bbc.com/news/articles/cvg8ll4l7d9o#0,"Tue, 10 Mar 2026 12:03:44 GMT",2026-03-10,Inmate charged with murder of Soham killer Ian Huntley,https://www.bbc.com/news/articles/cvg8ll4l7d9o?at_medium=RSS&at_campaign=rss,feeds.bbci.co.uk,"A prison inmate has been charged with the murder of Soham killer Ian Huntley, police have said. Anthony Russell, 43, will appear at Newton Aycliffe Magistrates' Court via video link on Wednesday, a spokesman for Durham Constabulary said. Huntley died on Saturday following an attack at HMP Frankland in Durham at the end of February.","{""education_terms"": [""school""], ""inclusion_terms"": [""sen""]}","[""huntley"", ""police"", ""soham"", ""durham"", ""died"", ""february"", ""prison"", ""inmate"", ""charged"", ""murder"", ""killer"", ""anthony"", ""russell"", ""appear"", ""newton"", ""aycliffe"", ""magistrates"", ""court"", ""video"", ""link""]","A prison inmate has been charged with the murder of Soham killer Ian Huntley, police have said.
Anthony Russell, 43, will appear at Newton Aycliffe Magistrates' Court via video link on Wednesday, a spokesman for Durham Constabulary said.
Huntley died on Saturday following an attack at HMP Frankland in Durham at the end of February.
The former school caretaker murdered 10-year-olds Holly Wells and Jessica Chapman in 2002 in the Cambridgeshire town of Soham.
Police said: ""Emergency services were called to reports of an assault in the workshop on the morning of Thursday, February 26.""
Huntley, 52, was taken to hospital with serious injuries where he died nine days later, police added.
He had been serving a life sentence, with a minimum term of 40 years, for murdering the schoolgirls.
The Ministry of Justice has previously said Huntley's crime ""remains one of the most shocking and devastating cases in our nation's history, and our thoughts are with their families""."
https://www.bbc.com/news/articles/cqj91egkelko#1,"Tue, 10 Mar 2026 08:20:16 GMT",2026-03-10,"MPs reject call for under-16s social media ban, backing more flexible powers",https://www.bbc.com/news/articles/cqj91egkelko?at_medium=RSS&at_campaign=rss,feeds.bbci.co.uk,"MPs have rejected an Australia-style ban on social media for under-16s, and have instead backed flexible ministerial powers. A ban on sites like Tiktok, Instagram, and Snapchat was brought in for children in  Australia at the end of last year - the first country to impose a ban - and similar plans were backed by peers in the House of Lords in January. Supporters include actor Hugh Grant, but critics such as children's charity the National Society for the Prevention of Cruelty to Children (NSPCC) warned of young people being driven to dark corners of the internet as a result.","{""education_terms"": [""education"", ""school"", ""schools""], ""inclusion_terms"": [""sen""]}","[""children"", ""social"", ""media"", ""government"", ""result"", ""should"", ""education"", ""lords"", ""such"", ""simply"", ""harmful"", ""online"", ""bailey"", ""consultation"", ""platforms"", ""limit"", ""access"", ""australia"", ""backed"", ""flexible""]","MPs have rejected an Australia-style ban on social media for under-16s, and have instead backed flexible ministerial powers.
A ban on sites like Tiktok, Instagram, and Snapchat was brought in for children in  Australia at the end of last year - the first country to impose a ban - and similar plans were backed by peers in the House of Lords in January.
Supporters include actor Hugh Grant, but critics such as children's charity the National Society for the Prevention of Cruelty to Children (NSPCC) warned of young people being driven to dark corners of the internet as a result.
The Conservatives said there was an ""emergency"" and ministers should legislate to protect children.
Responding to the result, the Liberal Democrats said failure to commit to a ban was ""simply not good enough"".
Opponents also include the father of Molly Russell, who took her own life at 14 after viewing harmful content online, who said the government should focus on robust enforcement of existing laws.
Plans for a ban were put forward as suggested changes to the Children's Wellbeing and Schools Bill.
But in the Commons on Monday, education minister Olivia Bailey urged MPs to dismiss the change and support more f"
https://www.bbc.com/news/articles/c78xq32wdlgo#3,"Tue, 10 Mar 2026 06:37:34 GMT",2026-03-10,Grieving Dunblane dad says gun laws are still too lax,https://www.bbc.com/news/articles/c78xq32wdlgo?at_medium=RSS&at_campaign=rss,feeds.bbci.co.uk,"The father of a five-year-old girl who was murdered in the Dunblane primary school shooting says gun laws are still too lax 30 years later. Mick North's daughter Sophie was shot dead along with 15 of her classmates and their teacher, Gwen Mayor, in the central Scotland town on 13 March 1996. The gunman, Thomas Hamilton, had entered the school with four legally-owned handguns and 743 rounds of ammunition .","{""education_terms"": [""school"", ""teacher"", ""exam""], ""inclusion_terms"": [""sen""]}","[""firearms"", ""north"", ""dunblane"", ""shooting"", ""handgun"", ""handguns"", ""licensing"", ""laws"", ""weapons"", ""called"", ""reform"", ""people"", ""years"", ""campaign"", ""ownership"", ""guns"", ""checks"", ""should"", ""basc"", ""used""]","The father of a five-year-old girl who was murdered in the Dunblane primary school shooting says gun laws are still too lax 30 years later.
Mick North's daughter Sophie was shot dead along with 15 of her classmates and their teacher, Gwen Mayor, in the central Scotland town on 13 March 1996.
The gunman, Thomas Hamilton, had entered the school with four legally-owned handguns and 743 rounds of ammunition . In the weeks after the tragedy, North helped to start a successful campaign for a complete ban on private handgun ownership.
He now says UK government ministers need to be ""more proactive"" in identifying potential dangers as the ""threat"" from firearms evolves.
""The whole of firearms legislation needs to be reviewed,"" he said, giving the handling of 3D printed guns as an example of how the law had developed in a ""piecemeal"" fashion.
He is similarly concerned about converted replica guns as well as weapons with barrels just long enough to fall outside the handgun ban
North also called for stricter background checks for firearms licensing, including taking into account social media posts and the views of an applicant's partner.
MPs are currently considering whether to tighten shotgun"
https://www.bbc.com/news/articles/cz7g50jr8rgo#1,"Tue, 10 Mar 2026 06:15:47 GMT",2026-03-10,'I thought my unborn baby had died in e-bike crash',https://www.bbc.com/news/articles/cz7g50jr8rgo?at_medium=RSS&at_campaign=rss,feeds.bbci.co.uk,"A woman who was hit by an e-bike as she used a pedestrian crossing has spoken about how she feared her unborn baby had died in the collision. Siobhan Barling, 30, was hit as she crossed Herbert Avenue in Poole at about 15:50 GMT on 26 January. She was 34 weeks pregnant with her third son at the time, and her baby, James, was born six weeks prematurely and seriously ill as a result.","{""education_terms"": [""school""], ""inclusion_terms"": [""sen""]}","[""siobhan"", ""james"", ""because"", ""collision"", ""hospital"", ""bike"", ""baby"", ""born"", ""gone"", ""police"", ""dorset"", ""stop"", ""going"", ""lungs"", ""crossing"", ""poole"", ""weeks"", ""first"", ""thing"", ""dead""]","A woman who was hit by an e-bike as she used a pedestrian crossing has spoken about how she feared her unborn baby had died in the collision.
Siobhan Barling, 30, was hit as she crossed Herbert Avenue in Poole at about 15:50 GMT on 26 January.
She was 34 weeks pregnant with her third son at the time, and her baby, James, was born six weeks prematurely and seriously ill as a result.
""The first thing I said was 'he's dead' because I'd felt him move and then instantly I couldn't feel him moving any more.
""I just kept thinking he's dead, my baby's gone. That's it.""
A 13-year-old boy arrested following the collision has been released under investigation while police inquiries continue.
The e‑bike, which was carrying a pillion passenger and described by Dorset Police as an ""adapted electrically assisted pedal cycle or mountain bike"", did not stop at the scene.
Siobhan was helped by passers-by before a family member arrived and took her to hospital.
She was seen at Poole Hospital's A&E before being transferred by ambulance to the maternity unit at the Royal Bournemouth Hospital.
""When I got into the ambulance I started getting contractions, and I thought 'no',"" Siobhan said.
The medical t"
https://www.bbc.com/news/articles/c07jj7d72yzo#4,"Tue, 10 Mar 2026 06:04:14 GMT",2026-03-10,Overseas 'content farms' creating political deepfakes uncovered,https://www.bbc.com/news/articles/c07jj7d72yzo?at_medium=RSS&at_campaign=rss,feeds.bbci.co.uk,"Overseas ""content farms"" are using Artificial Intelligence (AI) to create social media posts about UK politics, an expert has warned. Technology company Meta removed several Vietnam-based pages from Facebook after a BBC Wales investigation found they were spreading fake news. The warning, from Prof Martin Innes of Cardiff University, comes as the Electoral Commission is developing software to spot and combat deepfakes ahead of the Welsh and Scottish parliaments' elections in May.","{""education_terms"": [""university"", ""exam""], ""inclusion_terms"": [""sen"", ""barrier""]}","[""pages"", ""deepfakes"", ""content"", ""wales"", ""welsh"", ""some"", ""fake"", ""videos"", ""politicians"", ""your"", ""facebook"", ""being"", ""innes"", ""election"", ""found"", ""elections"", ""generated"", ""many"", ""same"", ""stories""]","Overseas ""content farms"" are using Artificial Intelligence (AI) to create social media posts about UK politics, an expert has warned.
Technology company Meta removed several Vietnam-based pages from Facebook after a BBC Wales investigation found they were spreading fake news.
The warning, from Prof Martin Innes of Cardiff University, comes as the Electoral Commission is developing software to spot and combat deepfakes ahead of the Welsh and Scottish parliaments' elections in May.
The BBC has also uncovered examples of AI-generated videos, shared by pages in Wales, falsely showing Welsh politicians in compromising situations including endorsing a rival and kissing a colleague.
Several Welsh politicians told the BBC about their experiences as victims of deepfakes.
""I don't think you'll find a politician who hasn't had this done to them... to say it out loud makes me feel quite sad,"" said Labour MP Alex Davies-Jones.
Deepfakes are videos, pictures or audio clips digitally altered or manipulated to make something fake look real.
Some are silly, but others could potentially damage reputations.
And text-to-image AI tools have made them easier to generate than ever before.
BBC Wales found"
https://www.bbc.com/news/articles/cg5nelp5enpo#3,"Tue, 10 Mar 2026 06:00:04 GMT",2026-03-10,An 'epidemic' of violence: The women and girls killed by men last year,https://www.bbc.com/news/articles/cg5nelp5enpo?at_medium=RSS&at_campaign=rss,feeds.bbci.co.uk,"Warning: This article contains details of violent deaths that some readers may find distressing
Helena is looking at an old photo on her phone of nine teenage girls smiling at the camera on their last day of secondary school. ""Leaving school with all their hopes and dreams,"" she says. ""Two women on that photo have been murdered by men.""
One is her daughter, Isobella Knight - killed at home last year by her husband, Paul, as their two young girls lay sleeping in their bedroom.","{""education_terms"": [""education"", ""school"", ""department for education""], ""inclusion_terms"": [""sen""]}","[""women"", ""year"", ""children"", ""izzy"", ""home"", ""girls"", ""years"", ""last"", ""knight"", ""killed"", ""government"", ""according"", ""victims"", ""abuse"", ""helena"", ""cases"", ""crown"", ""murder"", ""family"", ""other""]","Warning: This article contains details of violent deaths that some readers may find distressing
Helena is looking at an old photo on her phone of nine teenage girls smiling at the camera on their last day of secondary school.
""Leaving school with all their hopes and dreams,"" she says.
""Two women on that photo have been murdered by men.""
One is her daughter, Isobella Knight - killed at home last year by her husband, Paul, as their two young girls lay sleeping in their bedroom.
The other is Sabina Nessa, murdered by a stranger almost five years ago as she walked through a park in London.
The two had been friends at the Bedfordshire comprehensive they attended together.
Helena describes violence against women as an ""epidemic"".
Ministers have described a ""national emergency"" and the UK government has pledged to halve violence against women and girls within a decade.
To get a deeper, more human understanding of the situation, we tracked news reports throughout 2025 from across the UK of women or girls who had been potentially killed by men or boys. Often, such stories had not made national headlines.
We looked at all cases where a female had been found dead and a male had been arrested "
https://www.bbc.com/news/articles/c07jyd0rrz2o#1,"Tue, 10 Mar 2026 03:30:50 GMT",2026-03-10,Reeves pledges to explore helping with heating oil bills,https://www.bbc.com/news/articles/c07jyd0rrz2o?at_medium=RSS&at_campaign=rss,feeds.bbci.co.uk,"Chancellor Rachel Reeves has promised to explore options to address the ""unique challenges"" faced by households reliant on heating oil as the US-Israeli war with Iran pushing up prices. The global oil price reached nearly $120 (£89) a barrel on Monday, a four-year high, though it has since fallen. The jump was sparked by fears of a lengthy disruption to supplies caused by the war.","{""education_terms"": [""teacher""], ""inclusion_terms"": [""sen""]}","[""heating"", ""prices"", ""households"", ""price"", ""reeves"", ""monday"", ""northern"", ""ireland"", ""warned"", ""among"", ""first"", ""rural"", ""action"", ""take"", ""increase"", ""homes"", ""consumer"", ""barrett"", ""promised"", ""explore""]","Chancellor Rachel Reeves has promised to explore options to address the ""unique challenges"" faced by households reliant on heating oil as the US-Israeli war with Iran pushing up prices.
The global oil price reached nearly $120 (£89) a barrel on Monday, a four-year high, though it has since fallen. The jump was sparked by fears of a lengthy disruption to supplies caused by the war.
Those who use heating oil often store it in a tank outside their property and are among the first to feel the impact of rising prices.
Reeves promised meetings between the Treasury and rural and Northern Ireland MPs on Wednesday to look at ""action we can take"" to support those using heating oil.
The increase sparked a surge in the price of heating oil, with households in Northern Ireland facing an 81% increase in bills , while some in rural homes in England have reported prices doubling .
There is no cap to limit the cost of heating oil in the way households benefit from regulator Ofgem's price cap on gas and electricity bills.
Energy Secretary Ed Miliband on Monday warned the chief executive of the UK and Ireland Fuel Distributors Association (UKIFDA) the increase in heating oil prices had been ""signific"
https://www.bbc.com/news/articles/cz6e7004dj9o#0,"Tue, 10 Mar 2026 00:31:14 GMT",2026-03-10,First V-level subjects announced with aim to 'prepare for future jobs',https://www.bbc.com/news/articles/cz6e7004dj9o?at_medium=RSS&at_campaign=rss,feeds.bbci.co.uk,"Education, finance and digital are among the first new V-level subjects rolling out in England from 2027 . Education Secretary Bridget Phillipson says the ""bold reforms"" will end the snobbery in post-16 education, and support young people to build secure, future-proof careers. GCSE-level post-16 qualifications for lower-attaining students via further study or occupational paths have also been announced.","{""education_terms"": [""education"", ""school"", ""schools"", ""student"", ""students"", ""college"", ""university"", ""gcse"", ""a-level"", ""exam"", ""department for education"", ""dfe""], ""inclusion_terms"": [""equity""]}","[""levels"", ""education"", ""level"", ""young"", ""people"", ""qualifications"", ""government"", ""students"", ""vocational"", ""post"", ""years"", ""year"", ""subjects"", ""progress"", ""pathway"", ""digital"", ""first"", ""secure"", ""further"", ""study""]","Education, finance and digital are among the first new V-level subjects rolling out in England from 2027 .
Education Secretary Bridget Phillipson says the ""bold reforms"" will end the snobbery in post-16 education, and support young people to build secure, future-proof careers.
GCSE-level post-16 qualifications for lower-attaining students via further study or occupational paths have also been announced.
The Sixth Form Colleges Association welcomed the announcement, as well as the government's decision to retain BTecs while V-levels were phased in.
The government says its post-16 plans are landmark reforms to help young people secure well-paid jobs, following the number of young people not in education, work or training rising to almost one million.
The first V-levels - the new vocational qualifications - from 2027 will be in education and early years, finance and accounting, and digital, the government has said.
Learning will be designed around real jobs and the skills employers actually need, to help young people secure well-paid jobs, it adds.
V-levels will sit alongside A-levels and T-levels, and be equivalent to one A-level, allowing students to mix and match academic and vocat"
https://www.bbc.com/news/articles/cqlg4vl61kro#1,"Tue, 10 Mar 2026 00:09:39 GMT",2026-03-10,More whales are stranding. Now more people are needed to help them,https://www.bbc.com/news/articles/cqlg4vl61kro?at_medium=RSS&at_campaign=rss,feeds.bbci.co.uk,"More volunteers are being recruited to help rescue a growing number of whales, dolphins and porpoises washing up on UK shores. The British Divers Marine Life Rescue, which specialises in the rescue and protection of marine wildlife, says extra volunteers are needed to assess, give first aid and refloat stranded animals. Director of welfare and conservation Dan Jarvis said: ""There is a general upward increase in recent years of strandings around the UK, and we're also getting busier - particularly after winter storms.""
It is thought the increase is down to a number of factors including man-made hazards and growing public awareness, as well as an abundance of prey in coastal areas.","{""education_terms"": [""exam""], ""inclusion_terms"": [""send"", ""sen""]}","[""volunteers"", ""help"", ""jarvis"", ""dolphins"", ""very"", ""animal"", ""water"", ""rescue"", ""number"", ""marine"", ""whale"", ""whales"", ""porpoises"", ""life"", ""first"", ""refloat"", ""animals"", ""years"", ""strandings"", ""public""]","More volunteers are being recruited to help rescue a growing number of whales, dolphins and porpoises washing up on UK shores.
The British Divers Marine Life Rescue, which specialises in the rescue and protection of marine wildlife, says extra volunteers are needed to assess, give first aid and refloat stranded animals.
Director of welfare and conservation Dan Jarvis said: ""There is a general upward increase in recent years of strandings around the UK, and we're also getting busier - particularly after winter storms.""
It is thought the increase is down to a number of factors including man-made hazards and growing public awareness, as well as an abundance of prey in coastal areas.
According to BDLMR data, in 2018, there were around 22 live standings recorded but by 2025 that number had more than doubled to 46.
In 2023 and 2024, the number of strandings of cetaceans (whales, dolphins and porpoises) peaked in the 60s for both years.
The figures represent incidents, some involving multiple animals.
Jarvis said: ""Cornwall for example, is a very busy area with the volume of call-outs, but we also have other areas of the country where maybe we don't get many call-outs, but we also have ve"
https://www.bbc.com/news/articles/cy4wgzdydkeo#3,"Tue, 10 Mar 2026 00:03:58 GMT",2026-03-10,How the 'red v blue school wars' exposed the social media gap between children and parents,https://www.bbc.com/news/articles/cy4wgzdydkeo?at_medium=RSS&at_campaign=rss,feeds.bbci.co.uk,"Friday February 27th should have been like any other day at secondary schools in Southwark and Croydon in south London. But instead, when lessons finished for the day around 3pm, large numbers of teachers positioned themselves on streets around their schools as children made their way home. In some places, after-school detentions were cancelled so pupils could get home as early as possible.","{""education_terms"": [""school"", ""schools"", ""pupil"", ""pupils"", ""student"", ""students"", ""teacher"", ""teachers"", ""university"", ""exam""], ""inclusion_terms"": [""sen""]}","[""media"", ""parents"", ""social"", ""people"", ""posts"", ""police"", ""children"", ""schools"", ""school"", ""some"", ""posters"", ""trend"", ""blue"", ""real"", ""made"", ""young"", ""tiktok"", ""first"", ""teachers"", ""only""]","Friday February 27th should have been like any other day at secondary schools in Southwark and Croydon in south London. But instead, when lessons finished for the day around 3pm, large numbers of teachers positioned themselves on streets around their schools as children made their way home.
In some places, after-school detentions were cancelled so pupils could get home as early as possible. There were police officers present too in some places and they had at their disposal dispersal orders that would allow officers to order any young people gathered to leave a particular area.
The prompt was concern over a series of social media posts that called for 'red v blue' wars between schools across the city. The posters began encouraging battles between students in the capital and seemed to begin circulating on TikTok and Snapchat. Copycat versions were subsequently shared about schools in Bristol, Cardiff and the West Midlands. The posters - one half red, one half blue - often feature images of people in balaclavas, weapons and lists of different school names listed on either side. In theory, fights were due to happen in south London that afternoon, hence the presence of teachers and pol"
https://www.bbc.com/news/articles/cewzqxg17yzo#1,"Mon, 09 Mar 2026 22:49:51 GMT",2026-03-09,"Anti-Muslim hatred definition safeguards free speech, says Reed",https://www.bbc.com/news/articles/cewzqxg17yzo?at_medium=RSS&at_campaign=rss,feeds.bbci.co.uk,"Government efforts to protect Muslims from abuse will in ""no way"" restrict people's freedom to criticise Islam, the communities secretary has said. Steve Reed told the BBC the new definition of ""anti-Muslim hostility"" found the right balance, alongside measures aimed at promoting integration and tackling ""extremist influence"" in institutions, such as charities and universities. Unveiling the new definition as part of a wider social cohesion plan, Reed told MPs a clear definition of the problem was needed in order to take action to stop it.","{""education_terms"": [""school"", ""schools"", ""exam""], ""inclusion_terms"": [""equality"", ""sen"", ""discrimination"", ""racism""]}","[""definition"", ""muslims"", ""people"", ""freedom"", ""muslim"", ""government"", ""reed"", ""told"", ""religion"", ""anti"", ""speech"", ""minister"", ""community"", ""communities"", ""tackling"", ""cohesion"", ""needed"", ""action"", ""year"", ""raised""]","Government efforts to protect Muslims from abuse will in ""no way"" restrict people's freedom to criticise Islam, the communities secretary has said.
Steve Reed told the BBC the new definition of ""anti-Muslim hostility"" found the right balance, alongside measures aimed at promoting integration and tackling ""extremist influence"" in institutions, such as charities and universities.
Unveiling the new definition as part of a wider social cohesion plan, Reed told MPs a clear definition of the problem was needed in order to take action to stop it.
The Equality and Human Rights Commission (EHRC) last year raised concerns that a new definition risked creating a ""chilling effect"" on freedom of expression.
The new Protecting What Matters report also states that the government plans to appoint a special representative focused on tackling hostility towards Muslims.
The definition is laid out over three paragraphs, and says in full:
Speaking in the Commons, Reed said the new definition would give a ""clear explanation of unacceptable prejudice, discrimination and hatred targeting Muslims"".
""The definition safeguards our fundamental right to freedom of speech about religion in general or any religi"
https://www.bbc.com/news/articles/c24dy787revo#0,"Mon, 09 Mar 2026 16:30:11 GMT",2026-03-09,"SEND reforms to 'strip away' children's legal protections, charity says",https://www.bbc.com/news/articles/c24dy787revo?at_medium=RSS&at_campaign=rss,feeds.bbci.co.uk,"The government's plans to reform the special educational needs and disabilities (SEND) system in England will ""strip away"" legal protections for children and young people needing support, a charity has warned. The Independent Provider of Special Education Advice (IPSEA), a charity specialising in English SEND law,  said the reforms would weaken individual rights to support. The changes were announced last month as part of a broader Schools White Paper, a policy document that lays out plans for legislation.","{""education_terms"": [""education"", ""school"", ""schools"", ""college"", ""department for education"", ""dfe""], ""inclusion_terms"": [""inclusion"", ""special educational needs"", ""send"", ""sen"", ""ehcp""]}","[""support"", ""legal"", ""ipsea"", ""needs"", ""children"", ""rights"", ""plans"", ""send"", ""young"", ""government"", ""child"", ""people"", ""without"", ""system"", ""education"", ""reforms"", ""individual"", ""parents"", ""families"", ""special""]","The government's plans to reform the special educational needs and disabilities (SEND) system in England will ""strip away"" legal protections for children and young people needing support, a charity has warned.
The Independent Provider of Special Education Advice (IPSEA), a charity specialising in English SEND law,  said the reforms would weaken individual rights to support.
The changes were announced last month as part of a broader Schools White Paper, a policy document that lays out plans for legislation.
A Department for Education spokesperson said it is ""wrong to characterise our reforms as anything but a clear expansion of children's rights"" and that parents will ""never be left without a route to challenge decisions"".
The chief executive of IPSEA, Madeleine Cassidy, welcomed some reforms, including plans to boost the funding and specialist support available in mainstream schools , but said that improvements could be made ""without weakening the legal rights families rely on"".
""Legal rights are not optional extras and any new system must ensure that support is statutory, enforceable and backed by a clear right of appeal,"" she added.
""If reform is to rebuild confidence with famili"
https://www.bbc.com/news/articles/c5yqzvjzgg4o#1,"Mon, 09 Mar 2026 16:18:35 GMT",2026-03-09,King praises Commonwealth at biggest royal gathering since Andrew arrest,https://www.bbc.com/news/articles/c5yqzvjzgg4o?at_medium=RSS&at_campaign=rss,feeds.bbci.co.uk,"King Charles has said the Commonwealth can be a force for unity in a ""fragmented world"" in a message at the annual Commonwealth Day service in London. The King and Queen, the Prince and Princess of Wales, and Princess Anne attended the event at Westminster Abbey, which was the biggest gathering of senior royals since the arrest of Andrew Mountbatten-Windsor last month. Anti-monarchy campaigners, Republic, staged a protest near the Abbey with placards reading ""What did you know?"", in reference to former prince Mountbatten-Windsor's links to sex offender Jeffrey Epstein.","{""education_terms"": [""school""], ""inclusion_terms"": [""sen""]}","[""commonwealth"", ""mountbatten"", ""windsor"", ""king"", ""epstein"", ""message"", ""service"", ""royal"", ""line"", ""charles"", ""force"", ""prince"", ""princess"", ""attended"", ""abbey"", ""senior"", ""royals"", ""arrest"", ""andrew"", ""last""]","King Charles has said the Commonwealth can be a force for unity in a ""fragmented world"" in a message at the annual Commonwealth Day service in London.
The King and Queen, the Prince and Princess of Wales, and Princess Anne attended the event at Westminster Abbey, which was the biggest gathering of senior royals since the arrest of Andrew Mountbatten-Windsor last month.
Anti-monarchy campaigners, Republic, staged a protest near the Abbey with placards reading ""What did you know?"", in reference to former prince Mountbatten-Windsor's links to sex offender Jeffrey Epstein.
More than 1,800 guests attended the service, which featured readings, prayers, music and dance, from celebrities including former Spice Girl Geri Halliwell-Horner and Strictly Come Dancing's Oti Mabuse.
Senior politicians, including Prime Minister Sir Keir Starmer, were part of the congregation, alongside religious leaders and representatives of Commonwealth nations.
As guests arrived they heard a noisy protest from across the road, with banners calling for the abolition of the monarchy and highlighting questions about what the royals knew about Mountbatten-Windsor and the late US financier Epstein.
The King's Common"
https://www.bbc.com/news/articles/c14mr1jvyrdo#0,"Mon, 09 Mar 2026 10:32:44 GMT",2026-03-09,Pupils told to remove blazers to prevent violence,https://www.bbc.com/news/articles/c14mr1jvyrdo?at_medium=RSS&at_campaign=rss,feeds.bbci.co.uk,"Pupils from secondary schools have been told not to wear their blazers while walking home due to the risk of planned ""violence"" between children from different schools. In a letter to parents, Essex Police said it was aware of ""isolated posts promoting violence"" between schools on social media in the south of the county. Genevieve Mullen, a parent who is also a BBC producer, said her son was sent home with a letter outlining the action police had taken to try to prevent any disorder.","{""education_terms"": [""school"", ""schools"", ""pupil"", ""pupils""], ""inclusion_terms"": [""sen""]}","[""schools"", ""essex"", ""police"", ""social"", ""media"", ""violence"", ""children"", ""letter"", ""parents"", ""posts"", ""told"", ""home"", ""aware"", ""school"", ""force"", ""blazers"", ""mullen"", ""sent"", ""disorder"", ""encouraging""]","Pupils from secondary schools have been told not to wear their blazers while walking home due to the risk of planned ""violence"" between children from different schools.
In a letter to parents, Essex Police said it was aware of ""isolated posts promoting violence"" between schools on social media in the south of the county.
Genevieve Mullen, a parent who is also a BBC producer, said her son was sent home with a letter outlining the action police had taken to try to prevent any disorder.
""It's worrying to receive a letter like that and to hear that your children have been [specifically] told not to bring in weapons to school,"" she said.
""They've been told not to go home wearing their blazers to identify which school they are from.""
The Metropolitan Police had initially warned London parents of an increase in social media posts encouraging Red vs Blue school ""gatherings"" where schools are divided into red or blue categories and encouraged to meet up for fights.
Mullen said ""we don't always know what is going on in Essex"" with social media.
""But we do need to remain vigilant with our children and keep an eye on things,"" she added.
The letter sent to parents, guardians and carers outlined"
https://www.bbc.com/news/articles/cp811lgp106o#0,"Thu, 05 Mar 2026 05:22:36 GMT",2026-03-05,Allergy training to become compulsory in schools in England,https://www.bbc.com/news/articles/cp811lgp106o?at_medium=RSS&at_campaign=rss,feeds.bbci.co.uk,"Schools in England must provide allergy awareness training for all staff for the first time, under new statutory guidance announced by the Department for Education. Spare adrenaline auto-injectors must also be stocked by schools for emergencies involving children without a prior allergy diagnosis. The plans follow cross-party support for Benedict's Law, a campaign to improve allergy safety in schools by ensuring consistent, life-saving protections for children with food allergies and anaphylaxis.","{""education_terms"": [""education"", ""school"", ""schools"", ""pupil"", ""pupils"", ""teacher"", ""teachers"", ""curriculum"", ""department for education"", ""dfe""], ""inclusion_terms"": [""inclusive"", ""sen""]}","[""school"", ""schools"", ""allergy"", ""children"", ""allergies"", ""guidance"", ""place"", ""blythe"", ""safe"", ""education"", ""plans"", ""benedict"", ""possible"", ""england"", ""must"", ""already"", ""make"", ""september"", ""year"", ""helen""]","Schools in England must provide allergy awareness training for all staff for the first time, under new statutory guidance announced by the Department for Education.
Spare adrenaline auto-injectors must also be stocked by schools for emergencies involving children without a prior allergy diagnosis.
The plans follow cross-party support for Benedict's Law, a campaign to improve allergy safety in schools by ensuring consistent, life-saving protections for children with food allergies and anaphylaxis.
However, Paul Whiteman, general secretary of school leaders' union NAHT, warns each requirement in the new guidance needs funding and ""schools cannot be expected to fund from their budgets"".
Early education minister Olivia Bailey said: ""Lots of schools in the country already have great policies in place and are already doing a lot of this. It is something which we think is reasonable for schools to pay for out of core budgets. We are committed to working with schools to make that as easy as possible.""
The plans form part of the government's wider work to reform the school food system and expand free school meals to an additional 500,000 children this September.
The campaign is named in mem"
https://www.bbc.com/news/articles/cx2jy74895eo#0,"Wed, 04 Mar 2026 11:33:30 GMT",2026-03-04,Government to stop study visas from four countries due to 'abuse',https://www.bbc.com/news/articles/cx2jy74895eo?at_medium=RSS&at_campaign=rss,feeds.bbci.co.uk,"The UK government will stop issuing study visas to people from Afghanistan, Cameroon, Myanmar and Sudan from this month, Home Secretary Shabana Mahmood has said, as well as stopping skilled work visas to Afghans. The Home Office said the action was being taken due to what it said was widespread visa abuse. According to official figures, people from the four countries were the most likely to make an asylum claim after originally coming to the UK to study.","{""education_terms"": [""student"", ""students""], ""inclusion_terms"": [""sen""]}","[""home"", ""visas"", ""asylum"", ""government"", ""people"", ""office"", ""refugees"", ""study"", ""visa"", ""countries"", ""claims"", ""cameroon"", ""myanmar"", ""sudan"", ""secretary"", ""mahmood"", ""afghans"", ""four"", ""system"", ""country""]","The UK government will stop issuing study visas to people from Afghanistan, Cameroon, Myanmar and Sudan from this month, Home Secretary Shabana Mahmood has said, as well as stopping skilled work visas to Afghans.
The Home Office said the action was being taken due to what it said was widespread visa abuse.
According to official figures, people from the four countries were the most likely to make an asylum claim after originally coming to the UK to study.
""The government is clamping down on visa abuse so the UK can maintain its ability and proud tradition of helping those genuinely in need,"" a government spokesperson added.
In its release, the government said asylum claims from people who had originally travelled to the UK legally - to do something like studying - had more than tripled between 2021 and 2025.
Home Office figures showed that people claiming asylum off the back of a study visa make up 13% of all claims currently in the system.
Mahmood said she was ""taking the unprecedented decision to refuse visas for those nationals seeking to exploit our generosity"".
""I will restore order and control to our borders.""
The Home Office said a higher proportion of people than average fro"
https://www.bbc.com/news/articles/cly9rq35de8o#1,"Wed, 04 Mar 2026 11:29:14 GMT",2026-03-04,What does Neet stand for and how many are there in the UK?,https://www.bbc.com/news/articles/cly9rq35de8o?at_medium=RSS&at_campaign=rss,feeds.bbci.co.uk,"The government wants to reduce the the number of young people who are currently not in education, employment or training - also known as Neets. They account for one in eight people aged 16 to 24 in the UK, according to the latest official figures . In the November Budget, Chancellor Rachel Reeves announced £820m of funding to support 18 to 21-year-olds into education or paid employment.","{""education_terms"": [""education"", ""school"", ""college"", ""university"", ""gcse"", ""department for education"", ""dfe""], ""inclusion_terms"": [""disability""]}","[""young"", ""people"", ""neet"", ""neets"", ""education"", ""number"", ""work"", ""likely"", ""training"", ""figures"", ""budget"", ""year"", ""into"", ""apprenticeship"", ""years"", ""health"", ""government"", ""employment"", ""aged"", ""reeves""]","The government wants to reduce the the number of young people who are currently not in education, employment or training - also known as Neets.
They account for one in eight people aged 16 to 24 in the UK, according to the latest official figures .
In the November Budget, Chancellor Rachel Reeves announced £820m of funding to support 18 to 21-year-olds into education or paid employment.
A young person is considered Neet if they are:
They are not considered to be Neet if they are in formal education, such as school or university, doing an apprenticeship or vocational course, or in full-time or part-time work.
Every three months, the Office for National Statistics (ONS) releases figures on the number of Neets in the UK.
The ONS produces its estimates from its Labour Force Survey. Fewer people have responded to the survey in recent years, which makes the results more volatile than in the past.
There were 957,000 young people who were Neet in the UK in the period from October to December 2025. That's equivalent to 12.8% of all people aged 16 to 24.
Most of those (547,000) fell into the economically inactive category.
The number of Neets tends to fluctuate throughout the year.
The total"
https://www.bbc.com/news/articles/cn5k22gk9lvo#1,"Tue, 03 Mar 2026 16:36:05 GMT",2026-03-03,How do student loans work and when are they written off?,https://www.bbc.com/news/articles/cn5k22gk9lvo?at_medium=RSS&at_campaign=rss,feeds.bbci.co.uk,"Education Secretary Bridget Phillipson says graduates will only pay £8 more a month on average when student loan repayment thresholds are frozen from 2027. She was defending the changes the government has made to Plan 2 loans, which were issued between 2012 and 2023 and have also been criticised over their high interest rates. The details vary according to where in the UK you live, but student loans are typically made up of:
Most people are entitled to the tuition fee element, which is equal to the annual cost of their course .","{""education_terms"": [""education"", ""student"", ""students"", ""college"", ""university"", ""exam""], ""inclusion_terms"": [""sen"", ""disabled""]}","[""students"", ""loan"", ""your"", ""maintenance"", ""england"", ""loans"", ""student"", ""amount"", ""year"", ""university"", ""plan"", ""interest"", ""tuition"", ""course"", ""apply"", ""wales"", ""years"", ""payments"", ""graduates"", ""government""]","Education Secretary Bridget Phillipson says graduates will only pay £8 more a month on average when student loan repayment thresholds are frozen from 2027.
She was defending the changes the government has made to Plan 2 loans, which were issued between 2012 and 2023 and have also been criticised over their high interest rates.
The details vary according to where in the UK you live, but student loans are typically made up of:
Most people are entitled to the tuition fee element, which is equal to the annual cost of their course . Current levels vary across the UK:
The separate maintenance loan is intended to cover accommodation, food, books and equipment.
Maintenance loans are means tested, so the amount you get depends on your family's household income. You might get extra money if you are disabled, or have children.
If you are under 25 and have no contact with your parents, you might be able to apply as an ""estranged student"". This means your parents' financial situation is not taken into consideration.
Research by the Higher Education Policy Institute published in May 2024 suggested maintenance loans in England typically only covered about half the cost of living, and even less fo"
https://www.bbc.com/news/articles/cy5706ep1l3o#0,"Tue, 03 Mar 2026 04:34:32 GMT",2026-03-03,'Deeply misleading' school talks compared student loans to £30 phone contracts,https://www.bbc.com/news/articles/cy5706ep1l3o?at_medium=RSS&at_campaign=rss,feeds.bbci.co.uk,"The government compared student loan repayments to a £30-a-month phone contract in a presentation to teenagers a decade ago, BBC News has discovered. The presentation was part of a series of ""student finance tours"" delivered to thousands of schools between 2011 and 2017, by graduates who were asked to speak to pupils and parents on the then-government's behalf. The graduates were told to ""avoid words [or] phrases like debt"", with one former presenter now telling the BBC he felt like he had ""sold his soul to the devil"".","{""education_terms"": [""education"", ""school"", ""schools"", ""pupil"", ""pupils"", ""student"", ""students"", ""university"", ""exam"", ""department for education"", ""dfe""], ""inclusion_terms"": [""disadvantaged"", ""sen""]}","[""student"", ""script"", ""government"", ""loans"", ""loan"", ""repayments"", ""graduates"", ""presentation"", ""students"", ""plan"", ""contract"", ""repayment"", ""university"", ""month"", ""phone"", ""finance"", ""tours"", ""like"", ""education"", ""interest""]","The government compared student loan repayments to a £30-a-month phone contract in a presentation to teenagers a decade ago, BBC News has discovered.
The presentation was part of a series of ""student finance tours"" delivered to thousands of schools between 2011 and 2017, by graduates who were asked to speak to pupils and parents on the then-government's behalf.
The graduates were told to ""avoid words [or] phrases like debt"", with one former presenter now telling the BBC he felt like he had ""sold his soul to the devil"".
The Department for Education (DfE) said the presentations were delivered under previous governments, and that current ministers had focused on making the system fairer.
The National Union of Students said the script for the presentation about Plan 2 loans - which have been heavily criticised this year over their high interest rates and changes to the repayment thresholds - had ""aged poorly"" and was ""deeply misleading"".
According to a government contract with Event Marketing Solutions (EMS) - a private company that hired graduates and delivered tours - the aim was to ""convert"" young people from disadvantaged backgrounds into ""actual [higher education] applicants"".
The"
https://www.bbc.com/news/articles/cvg35lxp32no#0,"Tue, 03 Mar 2026 02:04:07 GMT",2026-03-03,Parents of nursery abuse victims to meet minister,https://www.bbc.com/news/articles/cvg35lxp32no?at_medium=RSS&at_campaign=rss,feeds.bbci.co.uk,"Families whose children attended the nursery in north London where paedophile Vincent Chan worked will meet Education Secretary Bridget Phillipson to press for safeguarding reforms. Former nursery employee Chan was jailed for 18 years last month for abusing children who attended Bright Horizons nursery on Finchley Road, West Hampstead. Chan's campaign of sexual abuse was dubbed ""every parent's worst nightmare"".","{""education_terms"": [""education""], ""inclusion_terms"": [""send"", ""sen""]}","[""chan"", ""children"", ""nursery"", ""safeguarding"", ""bright"", ""horizons"", ""concerns"", ""families"", ""years"", ""early"", ""every"", ""parents"", ""settings"", ""london"", ""phillipson"", ""abuse"", ""against"", ""make"", ""sure"", ""nurseries""]","Families whose children attended the nursery in north London where paedophile Vincent Chan worked will meet Education Secretary Bridget Phillipson to press for safeguarding reforms.
Former nursery employee Chan was jailed for 18 years last month for abusing children who attended Bright Horizons nursery on Finchley Road, West Hampstead. Chan's campaign of sexual abuse was dubbed ""every parent's worst nightmare"".
Parents of some of Chan's victims are taking action against Bright Horizons and have called for the nursery itself to be prosecuted.
The families are calling on the government to make sure nurseries are ""closed to predators"" and parents can raise concerns safely.
In a statement, they said: ""Chan was able to commit his crimes because safeguarding failed.
""We believe these failures created the perfect hunting ground for a predator.
""We want accountability for all failures, and we are determined to make sure other children are protected from similar harm.""
The families will call for an early-warning system that would allow parents and whistleblowers to report concerns in early-years settings to an independent external body.
They are also advocating for the use of body-worn vide"
https://www.bbc.com/news/articles/c4ge6vzvdxdo#0,"Mon, 02 Mar 2026 08:12:03 GMT",2026-03-02,SEND transport staff 'kicked and bitten by pupils',https://www.bbc.com/news/articles/c4ge6vzvdxdo?at_medium=RSS&at_campaign=rss,feeds.bbci.co.uk,"Staff who transport children with special educational needs and disabilities (SEND) to and from school have said they are regularly subjected to attacks by pupils lashing out on journeys. Emma, a transport assistant for Leeds City Council, said she was bitten three times by the same eight-year-old boy and had been left with a permanent scar on her breast. She said: ""It's not what we signed up to do.","{""education_terms"": [""education"", ""school"", ""pupil"", ""pupils"", ""student"", ""students""], ""inclusion_terms"": [""special educational needs"", ""send"", ""sen""]}","[""council"", ""staff"", ""transport"", ""service"", ""emma"", ""training"", ""attacked"", ""assistants"", ""children"", ""special"", ""educational"", ""needs"", ""disabilities"", ""send"", ""pupils"", ""leeds"", ""city"", ""bitten"", ""three"", ""year""]","Staff who transport children with special educational needs and disabilities (SEND) to and from school have said they are regularly subjected to attacks by pupils lashing out on journeys.
Emma, a transport assistant for Leeds City Council, said she was bitten three times by the same eight-year-old boy and had been left with a permanent scar on her breast.
She said: ""It's not what we signed up to do. We signed up to provide a service, we didn't sign up to be used as punch bags.""
The authority said it was aware of concerns being raised and was ""working closely with trade unions and colleagues across the council to improve safety on the buses"".
Emma, who needed hospital treatment and a tetanus injection as a result of the attack last year, called for more support and self-defence training from the council.
She said she also wanted pupils who attacked staff to be given an immediate travel ban.
""I love my job but it's got to the point where you've got to give yourself a bit of a pep talk in the morning because of what might happen,"" she said.
""Some of the kids will just lean over and pull your hair or punch you around the face.
""I've spoken to many assistants who have been attacked or c"
https://www.bbc.com/news/videos/cr5le5pqvplo#2,"Sat, 28 Feb 2026 13:22:23 GMT",2026-02-28,Reporter told police about Ian Huntley's troubling tale,https://www.bbc.com/news/videos/cr5le5pqvplo?at_medium=RSS&at_campaign=rss,feeds.bbci.co.uk,"Reporter told police about Ian Huntley's troubling tale
A journalist's interview with caretaker Ian Huntley, just days after schoolgirls Holly Wells and Jessica Chapman went missing in Soham in 2002, raised enough suspicion to inform the police. ""At the time I was very concerned about some of the things Ian Huntley was saying. I didn't think he was telling the truth,"" said BBC journalist Brian Farmer.","{""education_terms"": [""school"", ""university""], ""inclusion_terms"": [""sen""]}","[""police"", ""watch"", ""shows"", ""footage"", ""huntley"", ""being"", ""road"", ""cannabis"", ""year"", ""cambridge"", ""plants"", ""officers"", ""into"", ""hare"", ""coursing"", ""captures"", ""journalist"", ""holly"", ""jessica"", ""very""]","Reporter told police about Ian Huntley's troubling tale
A journalist's interview with caretaker Ian Huntley, just days after schoolgirls Holly Wells and Jessica Chapman went missing in Soham in 2002, raised enough suspicion to inform the police.
""At the time I was very concerned about some of the things Ian Huntley was saying. I didn't think he was telling the truth,"" said BBC journalist Brian Farmer.
On Thursday, double murderer Huntley was being treated for serious head injuries after he was attacked by another inmate in a workshop at HMP Frankland - the high security prison in County Durham.
The 52-year-old is serving a life sentence with a minimum term of 40 years for murdering Holly and Jessica in August 2002.
Follow Cambridgeshire news on BBC Sounds , Facebook , Instagram and X .
'You know when you've been splashed with bin juice'
Chris Lively has been a refuse collector working for Cambridge City Council since 1999.
Watch: World's first talking plants using AI
Visitors to Cambridge University Botanic Gardens can have a two-way conversation with the plants.
Watch: World War Two bomb detonated in field
Officers are alerted by a magnet fisher who finds a suspicious object.
Arch"
https://www.bbc.com/news/articles/c5y4j2g0ql1o#4,"Thu, 26 Feb 2026 10:29:30 GMT",2026-02-26,Grieving mother pushes minister on taking knives off the shelves,https://www.bbc.com/news/articles/c5y4j2g0ql1o?at_medium=RSS&at_campaign=rss,BBC UK RSS,A grieving mother whose son died in an alleged stabbing in an Edinburgh street six months ago has persuaded the Scottish government to look into tightening security around the sale of knives. Lisa Petrie started to push for tougher restrictions following the death of her 22-year-old son John McNab in Leith in September. She wants knives removed from shelves and placed in locked cabinets behind shop counters to eliminate the risk of theft.,"{""education_terms"": [""education"", ""pupil"", ""pupils"", ""college""], ""inclusion_terms"": [""sen"", ""accessible""]}","[""knives"", ""lisa"", ""violence"", ""scottish"", ""police"", ""change"", ""people"", ""scotland"", ""knife"", ""weapons"", ""government"", ""security"", ""around"", ""year"", ""john"", ""going"", ""work"", ""crimes"", ""increase"", ""edinburgh""]","A grieving mother whose son died in an alleged stabbing in an Edinburgh street six months ago has persuaded the Scottish government to look into tightening security around the sale of knives.
Lisa Petrie started to push for tougher restrictions following the death of her 22-year-old son John McNab in Leith in September.
She wants knives removed from shelves and placed in locked cabinets behind shop counters to eliminate the risk of theft.
After meeting Lisa at the Scottish Parliament, Justice Secretary Angela Constance said she would instruct government officials to explore what more could be done with councils, police and retailers.
A 16-year-old youth has been charged with murder in connection with the death of Lisa's son.
The 44-year-old care support worker said she was campaigning for change on behalf of her son.
""I need to do it for John,"" she said.
""John has given me the strength to keep going, and if I can make change for him, I've got to keep going.""
Lisa has already taken her campaign into Edinburgh's city chambers, where she won a standing ovation from councillors.
And she's addressed hundreds of pupils at Fettes College, where she used to work as a cleaner.
More than 53,"
https://www.bbc.com/news/articles/cj98z1np8m0o#4,"Thu, 26 Feb 2026 10:01:29 GMT",2026-02-26,"Nobody cared, nobody listened, says mum of boy allegedly abused by priest",https://www.bbc.com/news/articles/cj98z1np8m0o?at_medium=RSS&at_campaign=rss,BBC UK RSS,"Allegations a priest sexually assaulted a 15-year-old boy were covered up by the Church in Wales over three decades allowing Anthony Pierce to rise through the ranks to become a bishop, a report has found. Four Archbishops of Wales including Dr Rowan Williams were referred to in the report which lists a ""catalogue of failures"" by the Church. His mother told BBC Wales ""nobody cared, nobody was listening"" and it was ""too little too late for him"".","{""education_terms"": [""student"", ""students"", ""university""], ""inclusion_terms"": [""sen""]}","[""pierce"", ""wales"", ""church"", ""report"", ""review"", ""bishop"", ""year"", ""time"", ""then"", ""archbishop"", ""williams"", ""told"", ""sexual"", ""allegation"", ""allegations"", ""alleged"", ""swansea"", ""years"", ""abuse"", ""being""]","Allegations a priest sexually assaulted a 15-year-old boy were covered up by the Church in Wales over three decades allowing Anthony Pierce to rise through the ranks to become a bishop, a report has found.
Four Archbishops of Wales including Dr Rowan Williams were referred to in the report which lists a ""catalogue of failures"" by the Church.
The alleged victim has since died. His mother told BBC Wales ""nobody cared, nobody was listening"" and it was ""too little too late for him"".
Current Archbishop Cherry Vann said: ""The review shows in painful detail the missed opportunities, the harmful assumptions and the inadequate processes which characterised the Church's response to these allegations.""
Pierce, who had served as Bishop of Swansea and Brecon for nine years from 1999, was jailed last year for historical sexual abuse of a different boy.
Between 1986 and 2010, concerns over Pierce were raised on four occasions with some of the most senior members of the church, the report says.
But nothing was done in a ""don't ask, don't tell"" culture, with it being felt it was ""safe to hush it up"", the review led by barrister Gabrielle Higgins found.
Speaking out for the first time the alleged vi"
https://www.bbc.com/news/articles/c9dnx445w4do#0,"Thu, 26 Feb 2026 09:33:55 GMT",2026-02-26,Royal Mail bosses to be called to Parliament over letter delivery failures,https://www.bbc.com/news/articles/c9dnx445w4do?at_medium=RSS&at_campaign=rss,BBC UK RSS,"Royal Mail executives will be called to Parliament to answer questions about issues with the firm's letter delivery service, the BBC has learned. The Business and Trade Committee had given Royal Mail two weeks to respond to allegations, reported by the BBC, that parcels were being prioritised over letters, resulting in delays to important, time-sensitive mail. While that deadline technically ends on Monday, the BBC understands committee chair Liam Byrne has decided the service is so poor that bosses need to provide answers to MPs.","{""education_terms"": [""school""], ""inclusion_terms"": [""sen""]}","[""mail"", ""royal"", ""service"", ""committee"", ""letter"", ""delivery"", ""being"", ""byrne"", ""business"", ""trade"", ""weeks"", ""respond"", ""allegations"", ""parcels"", ""prioritised"", ""letters"", ""important"", ""poor"", ""need"", ""attending""]","Royal Mail executives will be called to Parliament to answer questions about issues with the firm's letter delivery service, the BBC has learned.
The Business and Trade Committee had given Royal Mail two weeks to respond to allegations, reported by the BBC, that parcels were being prioritised over letters, resulting in delays to important, time-sensitive mail.
While that deadline technically ends on Monday, the BBC understands committee chair Liam Byrne has decided the service is so poor that bosses need to provide answers to MPs.
Royal Mail said attending the committee would allow it to discuss the work it was doing to transform the company.
It comes after hundreds of people contacted the BBC to express frustration over late deliveries, saying they had missed hospital appointments, and had not received important documents including school certificates and bank statements.
More than a dozen Royal Mail postal staff from different delivery offices claimed rounds were being missed on a daily basis and parcels were being prioritised over letters as they are stretched beyond capacity.
In a letter earlier this month , the committee gave the company two weeks to respond to the allegations"
https://www.bbc.com/news/articles/c30968817q3o#0,"Thu, 26 Feb 2026 09:16:54 GMT",2026-02-26,"Racism and 'poor' staff relationships factors in maternity care failings, report finds",https://www.bbc.com/news/articles/c30968817q3o?at_medium=RSS&at_campaign=rss,BBC UK RSS,"Maternity services in England are failing ""too many"" families, with problems ""at every stage"" of the maternity journey, an interim report has found. Racism, staffing and accountability issues were among six factors identified by Baroness Amos, who is leading a government-commissioned review. More than 8,000 people have so far submitted evidence, with Baroness Amos meeting more than 400 families.","{""education_terms"": [""university"", ""exam""], ""inclusion_terms"": [""discrimination"", ""racism""]}","[""maternity"", ""families"", ""care"", ""services"", ""amos"", ""baroness"", ""review"", ""poor"", ""seen"", ""good"", ""being"", ""women"", ""inquiry"", ""england"", ""failing"", ""many"", ""report"", ""found"", ""accountability"", ""government""]","Maternity services in England are failing ""too many"" families, with problems ""at every stage"" of the maternity journey, an interim report has found.
Racism, staffing and accountability issues were among six factors identified by Baroness Amos, who is leading a government-commissioned review.
More than 8,000 people have so far submitted evidence, with Baroness Amos meeting more than 400 families.
Health Secretary Wes Streeting has promised to act on her final recommendations, which are due in April.
Baroness Amos told BBC Breakfast: ""I have seen bad, poor, good and excellent care co-existing side by side.
""Families have described to me good experiences, terrible experiences. It is patchy, it is inconsistent and what this investigation is about, is trying to find out the things that move us from poor and bad to good and excellent.
""I am able to say categorically that there is safe care. There is good care, I have seen examples of it. But, I have also seen way too many examples of poor care.
""What I have heard from families it is so traumatic and distressing. I have seen Trusts that have changed their practices as a result of what has happened in those trusts. It is a very mixed pictu"
https://www.bbc.com/news/articles/cewzg77k721o#0,"Thu, 26 Feb 2026 05:00:07 GMT",2026-02-26,"Earth's heat to power 10,000 homes in renewable energy first for UK",https://www.bbc.com/news/articles/cewzg77k721o?at_medium=RSS&at_campaign=rss,BBC UK RSS,"The UK's first geothermal power plant is set to go live, providing a completely new type of renewable electricity using hot water from underground. On Thursday morning, the Cornish plant will be switched on after nearly two decades in development which required Geothermal Engineering Ltd (GEL) to drill the deepest on-shore well in the UK. The water, super-heated by rocks, will help drive turbines to generate electricity for 10,000 homes, but will also provide the UK's first domestic supply of lithium - a critical mineral used in green technology.","{""education_terms"": [""exam""], ""inclusion_terms"": [""sen""]}","[""geothermal"", ""heat"", ""electricity"", ""homes"", ""energy"", ""power"", ""first"", ""technology"", ""source"", ""government"", ""water"", ""lithium"", ""used"", ""green"", ""project"", ""down"", ""like"", ""deep"", ""because"", ""cost""]","The UK's first geothermal power plant is set to go live, providing a completely new type of renewable electricity using hot water from underground.
On Thursday morning, the Cornish plant will be switched on after nearly two decades in development which required Geothermal Engineering Ltd (GEL) to drill the deepest on-shore well in the UK.
The water, super-heated by rocks, will help drive turbines to generate electricity for 10,000 homes, but will also provide the UK's first domestic supply of lithium - a critical mineral used in green technology.
The British Geological Survey said it was a ""major step forward"" for geothermal but high drilling costs could make replicating the project difficult.
The Earth generates heat which can be harnessed by drilling down below the surface to provide a renewable, and continuous source of energy to heat and power our homes – known as geothermal energy.
The further down you go the hotter it gets. At shallow depths the heat is enough to warm our homes and businesses. This is already done in some parts of the UK – for example, ground source heat pumps are a form of geothermal technology , and in places like Southampton, heating is provided to hundred"
https://www.bbc.com/news/articles/cy59gznnz0zo#0,"Thu, 26 Feb 2026 01:18:20 GMT",2026-02-26,"This coastal idyll banned 'harmful' holiday lets. Eight years on, has it worked?",https://www.bbc.com/news/articles/cy59gznnz0zo?at_medium=RSS&at_campaign=rss,BBC UK RSS,"Nearly eight years ago, Beadnell on the Northumberland coast became one of the first villages in the country to ban any homes built on new sites being used as second homes or holiday lets. The number of permanent residents has increased, bringing what some say is ""new life"" but others argue the policy is not enough to save rural communities or think it an unwarranted attack on tourism. Driving towards Beadnell harbour, 75-year-old Jennifer Hall nods one by one at the large houses overlooking the sea.","{""education_terms"": [""school"", ""schools""], ""inclusion_terms"": [""send"", ""sen""]}","[""homes"", ""second"", ""holiday"", ""beadnell"", ""lets"", ""home"", ""houses"", ""council"", ""northumberland"", ""policy"", ""hall"", ""communities"", ""planning"", ""only"", ""local"", ""housing"", ""built"", ""number"", ""some"", ""village""]","Nearly eight years ago, Beadnell on the Northumberland coast became one of the first villages in the country to ban any homes built on new sites being used as second homes or holiday lets. The number of permanent residents has increased, bringing what some say is ""new life"" but others argue the policy is not enough to save rural communities or think it an unwarranted attack on tourism.
Driving towards Beadnell harbour, 75-year-old Jennifer Hall nods one by one at the large houses overlooking the sea.
""Holiday let, second home, second home, holiday let, second home, holiday let,"" she intones.
Clustered barnacle-like at the end of a glorious arc of sand, Beadnell, along with the neighbouring villages of Bamburgh and Seahouses, has long been a magnet for those seeking refuge from the madding crowd.
According to the 2021 census, 64% of homes in Beadnell are second homes or holiday lets, up from 55% in 2011.
It is a trend reflected nationally , with the number of second homes rising by approximately 13% during the same decade and the number of holiday lets in England up 40% in just the three years between 2019 and 2022.
Hall's family has been in Beadnell since at least the 1700s. ""Fishi"
https://www.bbc.com/news/articles/c4g2kxjg1e1o#0,"Wed, 25 Feb 2026 14:58:19 GMT",2026-02-25,Labour MPs call for urgent action on 'unfair' student loans,https://www.bbc.com/news/articles/c4g2kxjg1e1o?at_medium=RSS&at_campaign=rss,BBC UK RSS,"More than 20 Labour MPs have urged the government to reform the student loan system in England, as they criticised ""rip-off"" interest rates and unfair changes to repayment terms. Leading a debate in Parliament, Jas Athwal called for the salary threshold people start to repay loans to be raised and for interest rates to be cut. Conservative leader Kemi Badenoch later raised the issue at Prime Minister's Questions , saying student loans had become ""a debt trap"" and interest rates needed to be reduced.","{""education_terms"": [""education"", ""student"", ""students"", ""teacher"", ""teachers"", ""university"", ""exam""], ""inclusion_terms"": [""sen"", ""accessible""]}","[""interest"", ""loans"", ""system"", ""government"", ""student"", ""plan"", ""loan"", ""labour"", ""repayment"", ""start"", ""debt"", ""university"", ""freeze"", ""rates"", ""threshold"", ""students"", ""thresholds"", ""education"", ""being"", ""terms""]","More than 20 Labour MPs have urged the government to reform the student loan system in England, as they criticised ""rip-off"" interest rates and unfair changes to repayment terms.
Leading a debate in Parliament, Jas Athwal called for the salary threshold people start to repay loans to be raised and for interest rates to be cut.
Conservative leader Kemi Badenoch later raised the issue at Prime Minister's Questions , saying student loans had become ""a debt trap"" and interest rates needed to be reduced.
In response, Sir Keir Starmer said the government would look at ways to make the system fairer.
When students start repaying their loan and the interest paid depends on when they attended university and which plan they are on.
For students in England, the interest rate is normally set by the RPI measure of inflation.
It is currently 4.3% for anyone who started university in 2023 or later, but for those on Plan 2, who started university between September 2012 and July 2023, the interest is RPI, currently 3.8%, plus up to 3%, depending on earnings.
The Conservative-Liberal Democrat coalition government introduced Plan 2 loans in 2012, when tuition fees also tripled to up to £9,000 a year."
https://www.bbc.com/news/articles/c0j58w0yg68o#3,"Wed, 25 Feb 2026 06:18:38 GMT",2026-02-25,Will walk-in GP clinics deliver one million extra appointments in Scotland?,https://www.bbc.com/news/articles/c0j58w0yg68o?at_medium=RSS&at_campaign=rss,BBC UK RSS,The first of 16 new walk-in clinics across Scotland where patients have access to GP-led care without an appointment is now open. Most will operate every day from 12:00 to 20:00 and provide a range of on-the-day assessments and treatments. It is a £36m one-year pilot project and First Minister John Swinney has said the clinics will deliver over one million additional GP and nurse appointments .,"{""education_terms"": [""education"", ""college""], ""inclusion_terms"": [""sen""]}","[""walk"", ""clinics"", ""patients"", ""appointments"", ""year"", ""scotland"", ""scottish"", ""government"", ""million"", ""number"", ""clinic"", ""health"", ""practices"", ""care"", ""every"", ""centre"", ""practice"", ""capacity"", ""first"", ""appointment""]","The first of 16 new walk-in clinics across Scotland where patients have access to GP-led care without an appointment is now open.
Most will operate every day from 12:00 to 20:00 and provide a range of on-the-day assessments and treatments.
It is a £36m one-year pilot project and First Minister John Swinney has said the clinics will deliver over one million additional GP and nurse appointments .
BBC Verify analysis suggests this figure needs context and there are questions over how quickly that commitment can be achieved.
Scotland's first walk-in clinic is based at the Wester Hailes Healthy Living Centre in Edinburgh.
Swinney attended the opening of the facility earlier this month, where he said it will help tackle the so-called ""8am rush"" for doctors' appointments.
The other 15 locations vary from an empty retail unit in East Ayrshire to the island of Benbecula in the Western Isles.
The Scottish government previously told health boards they wanted the clinics open by April but most will now be operating by the summer or later.
The centres will be for non-emergency medical problems, where patients need to be seen the same day but do not require hospital care.
However, the walk-in cl"
https://www.bbc.com/news/articles/cgqgnpxexv7o#1,"Wed, 25 Feb 2026 01:21:53 GMT",2026-02-25,Will the new SEND reforms in England work? You have your say,https://www.bbc.com/news/articles/cgqgnpxexv7o?at_medium=RSS&at_campaign=rss,feeds.bbci.co.uk,"This week the government has published its Schools White Paper , setting out sweeping reforms to the special educational needs and disabilities (SEND) system in England. From September 2029, children's entitlement to Education, Health and Care Plans (EHCPs) will be reassessed as they move between education stages, and by 2035 will be reserved for children with the most complex needs. New Individual Support Plans (ISPs) will be introduced, drawn up by schools and put into three categories: targeted, targeted plus, or specialist.","{""education_terms"": [""education"", ""school"", ""schools"", ""pupil"", ""pupils"", ""student"", ""students"", ""teacher"", ""teachers"", ""department for education""], ""inclusion_terms"": [""inclusion"", ""inclusive"", ""special educational needs"", ""send"", ""sen"", ""ehcp"", ""adhd"", ""school exclusion"", ""excluded"", ""racism""]}","[""children"", ""send"", ""government"", ""support"", ""needs"", ""plans"", ""proposals"", ""schools"", ""system"", ""ehcp"", ""school"", ""years"", ""parents"", ""many"", ""education"", ""ehcps"", ""changes"", ""families"", ""believes"", ""child""]","This week the government has published its Schools White Paper , setting out sweeping reforms to the special educational needs and disabilities (SEND) system in England.
From September 2029, children's entitlement to Education, Health and Care Plans (EHCPs) will be reassessed as they move between education stages, and by 2035 will be reserved for children with the most complex needs.
New Individual Support Plans (ISPs) will be introduced, drawn up by schools and put into three categories: targeted, targeted plus, or specialist.
The government said it would also invest £4bn in SEND provision over the next three years.
Education Secretary Bridget Phillipson told the BBC she appreciated ""the big challenges around support for children with SEND"" and said the changes would mean support comes ""earlier, faster and avoiding parents ending up in a fight"".
BBC News has been speaking to families, teachers, pupils and councils about their experiences of the current system, and their reactions to the government's proposals.
Ailith Harley-Roberts, whose daughter Thalia has Down's syndrome, says the government plans have prompted concern among parents she knows through her charity Sunshine and Sm"
https://www.bbc.com/news/articles/cwyx0jggle7o#0,"Tue, 24 Feb 2026 18:56:30 GMT",2026-02-24,'Pupils locked me in a room' claims striking teacher,https://www.bbc.com/news/articles/cwyx0jggle7o?at_medium=RSS&at_campaign=rss,BBC UK RSS,"Teachers at two Greater Manchester schools have gone on strike over claims of ""violent and abusive behaviour from some pupils"". Members of NASUWT, the Teachers' Union, at St Cuthbert's RC High School in Rochdale and Lily Lane Primary School in Manchester walked out over claims of ""untenable levels"" of violence. Speaking to the BBC at the picket line, St Cuthbert's staff reported ""extremely volatile"" behaviour from some pupils.","{""education_terms"": [""education"", ""school"", ""schools"", ""pupil"", ""pupils"", ""student"", ""students"", ""teacher"", ""teachers"", ""classroom""], ""inclusion_terms"": [""special educational needs"", ""send"", ""sen""]}","[""staff"", ""pupils"", ""school"", ""lily"", ""lane"", ""teachers"", ""cuthbert"", ""violence"", ""trust"", ""teacher"", ""manchester"", ""levels"", ""claimed"", ""another"", ""schools"", ""strike"", ""members"", ""nasuwt"", ""union"", ""safety""]","Teachers at two Greater Manchester schools have gone on strike over claims of ""violent and abusive behaviour from some pupils"".
Members of NASUWT, the Teachers' Union, at St Cuthbert's RC High School in Rochdale and Lily Lane Primary School in Manchester walked out over claims of ""untenable levels"" of violence.
Speaking to the BBC at the picket line, St Cuthbert's staff reported ""extremely volatile"" behaviour from some pupils.
At Lily Lane, staff claimed they had been ""repeatedly hurt by children"".
The Changing Lives in Collaboration (CLiC) Trust that runs Lily Lane said: ""The safety and wellbeing of pupils and staff is of the very highest priority to us.""
Drama teacher at St Cuthbert's, Louise Maloney, said violence had reached ""unprecedented"" levels at the school.
She claimed: ""I've been locked in the room by students so I've not been able to get out.
""Other members of staff have been elbowed in the chest, kicked, had chairs thrown at them, tables thrown.
""Anything outside your own classroom where you're not in control is extremely volatile and staff and students are worried about stepping into communal spaces at any time.""
The drama teacher said she and her colleagues were ""hear"
https://www.bbc.com/news/articles/c07x7nvk0gro#0,"Tue, 24 Feb 2026 13:59:31 GMT",2026-02-24,Children in care off school for months as school rejections stack up,https://www.bbc.com/news/articles/c07x7nvk0gro?at_medium=RSS&at_campaign=rss,BBC UK RSS,"Some children living in care are out of school for months or even years as they struggle to find somewhere that will give them a place, a BBC investigation has found. A 16-year-old boy rejected by 14 schools is among many being ""failed"" by the system, according to the boss of a group of children's homes in Lincolnshire. Half the children in their care as of January were out of mainstream education.","{""education_terms"": [""education"", ""school"", ""schools"", ""pupil"", ""pupils"", ""teacher"", ""teachers"", ""classroom"", ""college"", ""gcse"", ""exam"", ""department for education""], ""inclusion_terms"": [""special educational needs"", ""send"", ""sen"", ""ehcp""]}","[""children"", ""schools"", ""school"", ""care"", ""many"", ""education"", ""child"", ""months"", ""being"", ""homes"", ""councils"", ""looked"", ""some"", ""years"", ""place"", ""government"", ""tyler"", ""only"", ""take"", ""need""]","Some children living in care are out of school for months or even years as they struggle to find somewhere that will give them a place, a BBC investigation has found.
A 16-year-old boy rejected by 14 schools is among many being ""failed"" by the system, according to the boss of a group of children's homes in Lincolnshire. Half the children in their care as of January were out of mainstream education.
Councils are legally obliged to ensure looked-after children get top priority when applying for schools - but figures from the Children's Homes Association (CHA) suggest providers across England and Wales are facing difficulties securing places for children in their care.
A head teachers' union says ""chronic underfunding"" means schools do not have the resource to take on some children, while councils say they need more powers to force more schools to let them in.
Tyler, not his real name, is like many 16-year-olds, enjoying gaming and spending much of his time on his computer.
He should be taking his GCSEs in May, but is not listed to sit any exams after receiving only a few hours of education a week for the past three years he has been in care.
He has been out of school completely for 1"
https://www.bbc.com/news/articles/cj98j4rznweo#0,"Tue, 24 Feb 2026 06:10:55 GMT",2026-02-24,'We fear SEND overhaul could leave more families feeling alone',https://www.bbc.com/news/articles/cj98j4rznweo?at_medium=RSS&at_campaign=rss,BBC UK RSS,"Ask any parent of a child with high level extra needs how they feel, and ""alone"" is a familiar word you will hear. That's why Robyn's letter about her eight-year-old son Oli and his autistic behaviour pushing her and her husband to the brink resonated with so many. ""I want to tell you how utterly dark these months have been,"" Robyn wrote before continuing ""we have no reason to want to carry on as our existence stuck in this house, unable to work and unable to do anything has been all consuming"".","{""education_terms"": [""education"", ""school"", ""schools"", ""pupil"", ""pupils"", ""gcse""], ""inclusion_terms"": [""inclusive"", ""special educational needs"", ""send"", ""sen"", ""ehcp"", ""autism""]}","[""like"", ""robyn"", ""house"", ""children"", ""feel"", ""year"", ""support"", ""most"", ""education"", ""school"", ""because"", ""needs"", ""alone"", ""letter"", ""many"", ""family"", ""hampshire"", ""educational"", ""health"", ""care""]","Ask any parent of a child with high level extra needs how they feel, and ""alone"" is a familiar word you will hear.
That's why Robyn's letter about her eight-year-old son Oli and his autistic behaviour pushing her and her husband to the brink resonated with so many.
""I want to tell you how utterly dark these months have been,"" Robyn wrote before continuing ""we have no reason to want to carry on as our existence stuck in this house, unable to work and unable to do anything has been all consuming"".
The family, who are from Hampshire, fear children like Oli will not qualify for support in the future, under the government's new Special Educational Needs and Disabilities (SEND) plan.
Only children with the most complex special educational needs will be eligible for education, health and care plans (EHCPs) from 2035 in England.
Pupils who already have the plans will be able to keep them until at least September 2029, when children will start to have their support entitlements reassessed at the end of primary school and GCSEs.
Education Secretary Bridget Phillipson said plans would make mainstream schools more inclusive and ""deliver better life chances for children"".
Oli will not be affect"
https://www.bbc.com/news/articles/c743d9jpw88o#0,"Tue, 24 Feb 2026 06:08:52 GMT",2026-02-24,Students vote for plant-based menus at university,https://www.bbc.com/news/articles/c743d9jpw88o?at_medium=RSS&at_campaign=rss,BBC UK RSS,"A student union has opted to make plant-based menus the default option at its catering facilities, following a vote by students. The Southampton University Students' Union will make the changes from the start of the 2026/27 academic year. It means plant-based meals will be the standard option at its facilities on the University of Southampton campus and consumers will have to opt-in if they would like animal-based products.","{""education_terms"": [""student"", ""students"", ""university"", ""exam""], ""inclusion_terms"": [""sen""]}","[""student"", ""plant"", ""based"", ""southampton"", ""university"", ""union"", ""students"", ""universities"", ""option"", ""animal"", ""food"", ""follow"", ""opted"", ""make"", ""catering"", ""facilities"", ""following"", ""vote"", ""changes"", ""start""]","A student union has opted to make plant-based menus the default option at its catering facilities, following a vote by students.
The Southampton University Students' Union will make the changes from the start of the 2026/27 academic year.
It means plant-based meals will be the standard option at its facilities on the University of Southampton campus and consumers will have to opt-in if they would like animal-based products.
Following the decision by the university's student council on the 19 February, Matthew Rochford, a PhD student, said it ""recognises the devastating impact of animal agriculture and the need to move towards a plant-based food system"".
Rochford said he was ""delighted"" with the vote adding that it was time for Southampton to ""set an example for other universities to follow"".
The student union launched a petition on the changes at the start of February and it received more than 950 signatures from students in one week.
It means Southampton's student union joins more than 20 universities across the country that have opted for the vegan option and it follows a campaign by Plant-Based Universities.
The international network of students campaign for universities and stu"
https://www.bbc.com/news/articles/cwy18y5jpw1o#1,"Mon, 23 Feb 2026 15:12:16 GMT",2026-02-23,What is SEND and how many children get support?,https://www.bbc.com/news/articles/cwy18y5jpw1o?at_medium=RSS&at_campaign=rss,feeds.bbci.co.uk,"The government has set out its plans for a major overhaul of the system supporting children with special educational needs and disabilities (SEND) in England. The level of support children are entitled to is changing, and billions of pounds will be invested to make all mainstream schools ""truly inclusive"", ministers say. SEND stands for special educational needs and disabilities.","{""education_terms"": [""education"", ""school"", ""schools"", ""pupil"", ""pupils"", ""student"", ""students""], ""inclusion_terms"": [""inclusive"", ""special educational needs"", ""send"", ""sen"", ""ehcp"", ""autism"", ""reasonable adjustments""]}","[""send"", ""support"", ""needs"", ""government"", ""schools"", ""children"", ""school"", ""plans"", ""special"", ""councils"", ""england"", ""pupils"", ""system"", ""ehcps"", ""specialist"", ""educational"", ""mainstream"", ""young"", ""ehcp"", ""local""]","The government has set out its plans for a major overhaul of the system supporting children with special educational needs and disabilities (SEND) in England.
The level of support children are entitled to is changing, and billions of pounds will be invested to make all mainstream schools ""truly inclusive"", ministers say.
SEND stands for special educational needs and disabilities.
It applies to children and young people who need extra support to meet their physical, communication, social, emotional or mental health needs.
In England, if a child or young person needs more support than is typically provided in mainstream schools, their parent or carer can apply for an education, health and care plan (EHCP). This identifies their needs and sets out the support they should receive. Local councils are responsible for ensuring EHCPs are followed.
EHCPs can stay in place until the age of 25, as long as the young person remains in the education system.
Just over 1.7 million pupils in England's schools receive support for special educational needs, or about one in five pupils. About 5% of all pupils (483,000), or just under a third of those with SEND, get the highest level of support through"
https://www.bbc.com/news/articles/cwyke5n1z4po#0,"Mon, 23 Feb 2026 12:47:38 GMT",2026-02-23,The key changes being made to special educational needs - at a glance,https://www.bbc.com/news/articles/cwyke5n1z4po?at_medium=RSS&at_campaign=rss,BBC UK RSS,"The government has published plans to reform the special educational needs and disabilities (SEND) system in England - and there are a lot of new terms to get your head around. You might already be familiar with education, health and care plans (EHCPs), but now we're talking about individual support plans (ISPs), too. There will also be ""targeted"", ""targeted plus"" and ""specialist"" layers of support, as well as new national inclusion standards.","{""education_terms"": [""education"", ""school"", ""schools"", ""pupil"", ""pupils"", ""college"", ""exam"", ""department for education""], ""inclusion_terms"": [""inclusion"", ""special educational needs"", ""send"", ""sen"", ""ehcp"", ""dyslexia"", ""reasonable adjustments""]}","[""support"", ""children"", ""ehcps"", ""government"", ""needs"", ""send"", ""specialist"", ""child"", ""plans"", ""education"", ""isps"", ""targeted"", ""legal"", ""pupils"", ""able"", ""system"", ""layers"", ""inclusion"", ""changes"", ""only""]","The government has published plans to reform the special educational needs and disabilities (SEND) system in England - and there are a lot of new terms to get your head around.
You might already be familiar with education, health and care plans (EHCPs), but now we're talking about individual support plans (ISPs), too.
There will also be ""targeted"", ""targeted plus"" and ""specialist"" layers of support, as well as new national inclusion standards.
All of these phrases will become crucial to anyone working out how they'll be affected by the new system, which the education secretary says will get support to children with SEND ""when they need it, as routine and without a fight.""
Here are the key changes that have been announced.
The big change is that, by 2035, only children with the most complex needs will qualify for EHCPs.
They are legal documents that identify a pupil's needs and set out what support they should receive. Local authorities are responsible for ensuring EHCPs are followed.
Until 2015, the proportion of pupils with EHCPs in schools was relatively stable at 2.8%. Since then it has nearly doubled to 5.3%.
The government is worried that without changes, demand will only grow"
https://www.bbc.com/news/articles/c93jg4vl3jxo#1,"Sun, 22 Feb 2026 00:06:02 GMT",2026-02-22,Are ties and blazers on the way out? Why some schools are pushing for 'active' uniforms,https://www.bbc.com/news/articles/c93jg4vl3jxo?at_medium=RSS&at_campaign=rss,feeds.bbci.co.uk,"""If I had a pound for every time I said 'tuck your shirt in', I wouldn't need to teach, I'd be a millionaire,"" laments one Derbyshire secondary school teacher. The teacher, who asked us not to use their real name, works at a school with a strict uniform policy, where pupils can end up in detention if they repeatedly forget their tie or paint their nails. Pupils wear a blazer, shirt and tie, which ""look really uncomfortable"".","{""education_terms"": [""education"", ""school"", ""schools"", ""pupil"", ""pupils"", ""student"", ""students"", ""teacher"", ""teachers"", ""university"", ""exam""], ""inclusion_terms"": [""special educational needs"", ""send"", ""sen"", ""adhd""]}","[""school"", ""uniform"", ""pupils"", ""wear"", ""teacher"", ""some"", ""schools"", ""shirt"", ""secondary"", ""wearing"", ""uniforms"", ""blazers"", ""children"", ""active"", ""people"", ""work"", ""ties"", ""comfortable"", ""send"", ""primary""]","""If I had a pound for every time I said 'tuck your shirt in', I wouldn't need to teach, I'd be a millionaire,"" laments one Derbyshire secondary school teacher.
The teacher, who asked us not to use their real name, works at a school with a strict uniform policy, where pupils can end up in detention if they repeatedly forget their tie or paint their nails. Pupils wear a blazer, shirt and tie, which ""look really uncomfortable"".
""We're meant to stand at the door and greet students just to check that they're wearing the uniform correctly and that their shirts are tucked in and they're looking smart and ready to learn,"" the teacher says. ""It just wastes time.""
She says the regular uniform checks are disruptive for pupils and give teachers unnecessary work.
Another secondary school in Derbyshire, Alvaston Moor Academy, is now ditching blazers and ties in favour of a black all-weather jacket and polo shirt from September.
The teacher we spoke to called the policy ""genius"". ""It looks so comfortable and it looks smart still,"" she says.
Currently, learning to tie a tie for secondary school is almost a rite of passage in the UK. In fact, a 2020 study of the uniform policies of every state seco"
https://www.bbc.com/news/articles/cp81j7n2271o#0,"Sat, 21 Feb 2026 02:17:46 GMT",2026-02-21,I might not get uni Covid compensation - but I'm claiming it out of principle,https://www.bbc.com/news/articles/cp81j7n2271o?at_medium=RSS&at_campaign=rss,feeds.bbci.co.uk,"After years of studying, Riki Auton was beyond excited to start her fine art degree at University of the Arts London. But when she began life as a student in 2019, she could not have known how different her time at university would be to the one she imagined. Most hands-on elements of her degree, including art studio work, were ultimately lost to the lockdowns of Covid.","{""education_terms"": [""education"", ""student"", ""students"", ""college"", ""university""], ""inclusion_terms"": [""sen"", ""accessible""]}","[""university"", ""students"", ""riki"", ""during"", ""london"", ""covid"", ""because"", ""claim"", ""access"", ""faith"", ""student"", ""year"", ""academic"", ""online"", ""people"", ""degree"", ""began"", ""time"", ""including"", ""lockdowns""]","After years of studying, Riki Auton was beyond excited to start her fine art degree at University of the Arts London.
But when she began life as a student in 2019, she could not have known how different her time at university would be to the one she imagined.
Most hands-on elements of her degree, including art studio work, were ultimately lost to the lockdowns of Covid.
As a result, she says, students on her course ""didn't receive the educational experience we paid for"".
The 27-year-old, from Oxford, is among thousands of Covid students to have joined the Student Group Claim, seeking compensation from their universities because of their experiences during the pandemic.
Now, 36 institutions are subject to legal action after receiving pre-action letters from lawyers warning that students intend to seek damages for learning which they claim they paid for, but did not actually receive.
Part of the issue, students say, was the lack of access to the resources which would normally have been available.
Although some academic literature could be accessed online, Riki said a lot of her art resources, including exhibition catalogues and image archives, were not digitalised in the same way tha"
https://www.bbc.com/news/articles/c3wl19wy22vo#1,"Tue, 17 Feb 2026 15:53:25 GMT",2026-02-17,Why are some students claiming Covid compensation from universities?,https://www.bbc.com/news/articles/c3wl19wy22vo?at_medium=RSS&at_campaign=rss,feeds.bbci.co.uk,"Thousands of students and graduates are bringing legal action against their universities, over the quality of teaching and learning during Covid lockdowns. Pre-action letters were sent to 36 universities as part of the Student Group Claim, saying students did not receive the full education they paid for during the pandemic. Universities UK, which represents more than 140 institutions, said Covid was an ""unprecedented challenge"" and the sector had to adapt quickly and creatively to support students.","{""education_terms"": [""education"", ""student"", ""students"", ""college"", ""university""], ""inclusion_terms"": [""sen""]}","[""students"", ""action"", ""universities"", ""letters"", ""student"", ""university"", ""claim"", ""against"", ""group"", ""claims"", ""lawyers"", ""legal"", ""during"", ""covid"", ""paid"", ""pandemic"", ""case"", ""court"", ""other"", ""goldwater""]","Thousands of students and graduates are bringing legal action against their universities, over the quality of teaching and learning during Covid lockdowns.
Pre-action letters were sent to 36 universities as part of the Student Group Claim, saying students did not receive the full education they paid for during the pandemic.
Universities UK, which represents more than 140 institutions, said Covid was an ""unprecedented challenge"" and the sector had to adapt quickly and creatively to support students.
So why are these legal challenges starting now and what might be the outcome?
The latest tranche of pre-action letters follows a settlement between University College London (UCL) and about 6,000 of its students, who were also part of the Student Group Claim.
That case had been due to go to trial this year, but ended out of court with a confidential settlement, so we don't know the details of the outcome.
UCL has not admitted any liability and said it had ""worked diligently to deliver teaching and student support in unprecedented circumstances"".
Now, pre-action letters - official documents warning of potential legal proceedings if a dispute is not resolved - have been sent to 36 other in"
